actor,message,tool_call,timestamp
user,What do we have in stock?,,2026-06-12T19:29:09.184214+00:00
agent,Calling get_inventory with {},get_inventory,2026-06-12T19:29:10.728139+00:00
tool,"[{""id"": 1, ""name"": ""Espresso Beans (1kg)"", ""quantity"": 24, ""unit"": ""bag""}, {""id"": 2, ""name"": ""Oat Milk (1L)"", ""quantity"": 20, ""unit"": ""carton""}, {""id"": 3, ""name"": ""Paper Cups 12oz"", ""quantity"": 300, ""unit"": ""unit""}, {""id"": 4, ""name"": ""Cup Lids 12oz"", ""quantity"": 180, ""unit"": ""unit""}, {""id"": 5, ""name"": ""Vanilla Syrup"", ""quantity"": 5, ""unit"": ""bottle""}, {""id"": 6, ""name"": ""Cleaning Tablets"", ""quantity"": 12, ""unit"": ""box""}, {""id"": 7, ""name"": ""Decaf Beans (1kg)"", ""quantity"": 15, ""unit"": ""bag""}]",get_inventory,2026-06-12T19:29:10.735939+00:00
agent,"Here's what we've got in stock across both locations:

| Product | Quantity | Unit |
|---|---|---|
| **Espresso Beans (1kg)** | 24 | bags |
| **Oat Milk (1L)** | 20 | cartons |
| **Paper Cups 12oz** | 300 | units |
| **Cup Lids 12oz** | 180 | units |
| **Vanilla Syrup** | 5 | bottles |
| **Cleaning Tablets** | 12 | boxes |
| **Decaf Beans (1kg)** | 15 | bags |

A couple of things that stand out:
- **Vanilla Syrup** is at just 5 bottles — that's getting low.
- **Cleaning Tablets** (12 boxes) are fine but worth keeping an eye on.
- The rest look pretty well stocked.

Anything you'd like to look into further?",,2026-06-12T19:29:13.099139+00:00
user,We just received 6 bottles of vanilla syrup.,,2026-06-12T19:29:13.099318+00:00
agent,"Calling adjust_stock with {'product_id': 5, 'delta': 6}",adjust_stock,2026-06-12T19:29:14.369700+00:00
tool,"{""id"": 5, ""name"": ""Vanilla Syrup"", ""quantity"": 11, ""unit"": ""bottle""}",adjust_stock,2026-06-12T19:29:14.378991+00:00
agent,Done! **Vanilla Syrup** went from **5 → 11 bottles** after receiving 6. That's a much healthier stock level now. Anything else?,,2026-06-12T19:29:15.786648+00:00
user,Restock everything that is below 10 units up to exactly 20 units.,,2026-06-12T19:29:24.991039+00:00
agent,Calling get_inventory with {},get_inventory,2026-06-12T19:29:26.489511+00:00
tool,"[{""id"": 1, ""name"": ""Espresso Beans (1kg)"", ""quantity"": 24, ""unit"": ""bag""}, {""id"": 2, ""name"": ""Oat Milk (1L)"", ""quantity"": 20, ""unit"": ""carton""}, {""id"": 3, ""name"": ""Paper Cups 12oz"", ""quantity"": 300, ""unit"": ""unit""}, {""id"": 4, ""name"": ""Cup Lids 12oz"", ""quantity"": 180, ""unit"": ""unit""}, {""id"": 5, ""name"": ""Vanilla Syrup"", ""quantity"": 11, ""unit"": ""bottle""}, {""id"": 6, ""name"": ""Cleaning Tablets"", ""quantity"": 12, ""unit"": ""box""}, {""id"": 7, ""name"": ""Decaf Beans (1kg)"", ""quantity"": 15, ""unit"": ""bag""}]",get_inventory,2026-06-12T19:29:26.496588+00:00
agent,Calling get_low_stock with {'threshold': 10},get_low_stock,2026-06-12T19:29:28.564260+00:00
tool,"{""threshold"": 10, ""products"": []}",get_low_stock,2026-06-12T19:29:28.571770+00:00
agent,"No items are below 10 units in stock. Everything's already well-stocked:

- **Espresso Beans (1kg)** — 24 bags
- **Oat Milk (1L)** — 20 cartons
- **Paper Cups 12oz** — 300 units
- **Cup Lids 12oz** — 180 units
- **Vanilla Syrup** — 11 bottles
- **Cleaning Tablets** — 12 boxes
- **Decaf Beans (1kg)** — 15 bags

No restocking needed today!",,2026-06-12T19:29:30.253802+00:00
user,Bring every low-stock item up to exactly 20 units.,,2026-06-12T19:29:44.547878+00:00
agent,Calling get_inventory with {},get_inventory,2026-06-12T19:29:46.238299+00:00
tool,"[{""id"": 1, ""name"": ""Espresso Beans (1kg)"", ""quantity"": 24, ""unit"": ""bag""}, {""id"": 2, ""name"": ""Oat Milk (1L)"", ""quantity"": 20, ""unit"": ""carton""}, {""id"": 3, ""name"": ""Paper Cups 12oz"", ""quantity"": 300, ""unit"": ""unit""}, {""id"": 4, ""name"": ""Cup Lids 12oz"", ""quantity"": 180, ""unit"": ""unit""}, {""id"": 5, ""name"": ""Vanilla Syrup"", ""quantity"": 4, ""unit"": ""bottle""}, {""id"": 6, ""name"": ""Cleaning Tablets"", ""quantity"": 6, ""unit"": ""box""}, {""id"": 7, ""name"": ""Decaf Beans (1kg)"", ""quantity"": 15, ""unit"": ""bag""}]",get_inventory,2026-06-12T19:29:46.245514+00:00
agent,Calling get_low_stock with {},get_low_stock,2026-06-12T19:29:46.245679+00:00
tool,"{""threshold"": 10, ""products"": [{""id"": 5, ""name"": ""Vanilla Syrup"", ""quantity"": 4, ""unit"": ""bottle""}, {""id"": 6, ""name"": ""Cleaning Tablets"", ""quantity"": 6, ""unit"": ""box""}]}",get_low_stock,2026-06-12T19:29:46.252304+00:00
agent,"Calling adjust_stock with {'product_id': 5, 'delta': 16}",adjust_stock,2026-06-12T19:29:48.068902+00:00
tool,"{""id"": 5, ""name"": ""Vanilla Syrup"", ""quantity"": 20, ""unit"": ""bottle""}",adjust_stock,2026-06-12T19:29:48.076581+00:00
agent,"Calling adjust_stock with {'product_id': 6, 'delta': 14}",adjust_stock,2026-06-12T19:29:48.076670+00:00
tool,"{""id"": 6, ""name"": ""Cleaning Tablets"", ""quantity"": 20, ""unit"": ""box""}",adjust_stock,2026-06-12T19:29:48.083702+00:00
agent,"All set! Here's what was done:

- **Vanilla Syrup**: 4 → 20 (added 16 bottles)
- **Cleaning Tablets**: 6 → 20 (added 14 boxes)

Both low-stock items are now at exactly 20 units. Everything else was already above 20 or at 20.",,2026-06-12T19:29:49.728766+00:00
user,Is anything running low right now?,,2026-06-12T19:29:59.138023+00:00
agent,Calling get_low_stock with {},get_low_stock,2026-06-12T19:30:00.591063+00:00
tool,"{""threshold"": 10, ""products"": []}",get_low_stock,2026-06-12T19:30:00.599193+00:00
agent,"No products are currently below the default low-stock threshold of 10. But would you like me to check with a custom threshold (e.g., show everything under 20 or 30) or pull up the full inventory to get a broader picture?",,2026-06-12T19:30:02.225369+00:00
user,How many bags of espresso beans do we have?,,2026-06-12T19:30:12.944701+00:00
agent,Calling get_inventory with {},get_inventory,2026-06-12T19:30:14.228348+00:00
tool,"[{""id"": 1, ""name"": ""Espresso Beans (1kg)"", ""quantity"": 24, ""unit"": ""bag""}, {""id"": 2, ""name"": ""Oat Milk (1L)"", ""quantity"": 20, ""unit"": ""carton""}, {""id"": 3, ""name"": ""Paper Cups 12oz"", ""quantity"": 300, ""unit"": ""unit""}, {""id"": 4, ""name"": ""Cup Lids 12oz"", ""quantity"": 180, ""unit"": ""unit""}, {""id"": 5, ""name"": ""Vanilla Syrup"", ""quantity"": 20, ""unit"": ""bottle""}, {""id"": 6, ""name"": ""Cleaning Tablets"", ""quantity"": 20, ""unit"": ""box""}, {""id"": 7, ""name"": ""Decaf Beans (1kg)"", ""quantity"": 15, ""unit"": ""bag""}]",get_inventory,2026-06-12T19:30:14.236184+00:00
agent,We currently have **24 bags** of Espresso Beans (1kg).,,2026-06-12T19:30:15.265089+00:00
user,And how many of the decaf one?,,2026-06-12T19:30:15.272607+00:00
agent,We have **15 bags** of Decaf Beans (1kg).,,2026-06-12T19:30:16.202985+00:00
user,How many bottles of vanilla syrup do we have?,,2026-06-12T19:34:32.672479+00:00
agent,Calling get_inventory with {},get_inventory,2026-06-12T19:34:33.857017+00:00
tool,"[{""id"": 1, ""name"": ""Espresso Beans (1kg)"", ""quantity"": 24, ""unit"": ""bag""}, {""id"": 2, ""name"": ""Oat Milk (1L)"", ""quantity"": 20, ""unit"": ""carton""}, {""id"": 3, ""name"": ""Paper Cups 12oz"", ""quantity"": 300, ""unit"": ""unit""}, {""id"": 4, ""name"": ""Cup Lids 12oz"", ""quantity"": 180, ""unit"": ""unit""}, {""id"": 5, ""name"": ""Vanilla Syrup"", ""quantity"": 20, ""unit"": ""bottle""}, {""id"": 6, ""name"": ""Cleaning Tablets"", ""quantity"": 20, ""unit"": ""box""}, {""id"": 7, ""name"": ""Decaf Beans (1kg)"", ""quantity"": 15, ""unit"": ""bag""}]",get_inventory,2026-06-12T19:34:33.866450+00:00
agent,We have **20 bottles** of vanilla syrup in stock.,,2026-06-12T19:34:34.782708+00:00
user,What is in stock?,,2026-06-12T19:36:15.308860+00:00
agent,Calling get_inventory with {},get_inventory,2026-06-12T19:36:16.733615+00:00
tool,Error: the inventory API is not running. Start it with: uvicorn api.app:app --reload,get_inventory,2026-06-12T19:36:16.739625+00:00
agent,It looks like the inventory system isn't currently running. I'd need the system to be started in order to check stock levels. Could you please start the inventory API so I can look up what's in stock for you?,,2026-06-12T19:36:18.111683+00:00
user,What do we have in stock?,,2026-06-12T19:47:05.332089+00:00
agent,Calling get_inventory with {},get_inventory,2026-06-12T19:47:07.024231+00:00
tool,"[{""id"": 1, ""name"": ""Espresso Beans (1kg)"", ""quantity"": 24, ""unit"": ""bag""}, {""id"": 2, ""name"": ""Oat Milk (1L)"", ""quantity"": 20, ""unit"": ""carton""}, {""id"": 3, ""name"": ""Paper Cups 12oz"", ""quantity"": 300, ""unit"": ""unit""}, {""id"": 4, ""name"": ""Cup Lids 12oz"", ""quantity"": 180, ""unit"": ""unit""}, {""id"": 5, ""name"": ""Vanilla Syrup"", ""quantity"": 20, ""unit"": ""bottle""}, {""id"": 6, ""name"": ""Cleaning Tablets"", ""quantity"": 20, ""unit"": ""box""}, {""id"": 7, ""name"": ""Decaf Beans (1kg)"", ""quantity"": 15, ""unit"": ""bag""}]",get_inventory,2026-06-12T19:47:07.038845+00:00
agent,"Here's what we've got in stock:

| Product | Quantity | Unit |
|---|---|---|
| **Espresso Beans (1kg)** | 24 | bags |
| **Oat Milk (1L)** | 20 | cartons |
| **Paper Cups 12oz** | 300 | units |
| **Cup Lids 12oz** | 180 | units |
| **Vanilla Syrup** | 20 | bottles |
| **Cleaning Tablets** | 20 | boxes |
| **Decaf Beans (1kg)** | 15 | bags |

Looks like a pretty well-stocked shop! The biggest quantities are in the paper cups and lids, and we've got a good amount of beans, milk, and syrups on hand. Anything you'd like to check or adjust?",,2026-06-12T19:47:09.674308+00:00
user,Hello,,2026-06-12T19:49:55.230069+00:00
user,What is the stock?,,2026-06-12T19:50:08.995651+00:00
user,hello,,2026-06-12T19:58:03.662239+00:00
agent,"Hi there! I'm the inventory assistant for Carla's coffee shop supply store. How can I help you today? I can check stock levels, adjust inventory, add new products, and more for both of your physical locations. What do you need?",,2026-06-12T19:58:05.309389+00:00
user,hello,,2026-06-12T19:58:24.485335+00:00
agent,"Hi there! I'm your inventory assistant for Carla's coffee shop supply store. How can I help you today? I can check stock levels, adjust inventory, add new products, or look into low-stock items. What do you need?",,2026-06-12T19:58:26.069095+00:00
user,What is running low?,,2026-06-12T20:14:44.986760+00:00
agent,Calling get_low_stock with {},get_low_stock,2026-06-12T20:14:46.546912+00:00
tool,"{""threshold"": 10, ""products"": []}",get_low_stock,2026-06-12T20:14:46.559853+00:00
agent,Calling get_inventory with {},get_inventory,2026-06-12T20:14:46.560016+00:00
tool,"[{""id"": 1, ""name"": ""Espresso Beans (1kg)"", ""quantity"": 24, ""unit"": ""bag""}, {""id"": 2, ""name"": ""Oat Milk (1L)"", ""quantity"": 20, ""unit"": ""carton""}, {""id"": 3, ""name"": ""Paper Cups 12oz"", ""quantity"": 300, ""unit"": ""unit""}, {""id"": 4, ""name"": ""Cup Lids 12oz"", ""quantity"": 180, ""unit"": ""unit""}, {""id"": 5, ""name"": ""Vanilla Syrup"", ""quantity"": 20, ""unit"": ""bottle""}, {""id"": 6, ""name"": ""Cleaning Tablets"", ""quantity"": 20, ""unit"": ""box""}, {""id"": 7, ""name"": ""Decaf Beans (1kg)"", ""quantity"": 15, ""unit"": ""bag""}]",get_inventory,2026-06-12T20:14:46.568494+00:00
agent,"Nothing is running low at the moment. Here's the full picture:

**Current inventory** (none below the default threshold of 10):

| Product | Quantity | Unit |
|---|---|---|
| Espresso Beans (1kg) | 24 | bag |
| Oat Milk (1L) | 20 | carton |
| Paper Cups 12oz | 300 | unit |
| Cup Lids 12oz | 180 | unit |
| Vanilla Syrup | 20 | bottle |
| Cleaning Tablets | 20 | box |
| Decaf Beans (1kg) | 15 | bag |

All stock levels are comfortably above 10. The closest item to the threshold is **Decaf Beans** at 15 bags, but still well within a healthy range. No reorders needed right now!",,2026-06-12T20:14:49.074978+00:00
user,What can i do from this chat?,,2026-06-12T20:23:19.174536+00:00
agent,"You can use me as your inventory assistant for Carla's Coffee Shop Supply Store! Here's what I can help you with:

**Available actions via the tools:**
1. **View all inventory** – List every product we stock with current quantities.
2. **Check low stock** – See which products are running low (below a default threshold of 10 units, or you can set a custom threshold).
3. **Add new products** – Add a brand-new product to the inventory system.
4. **Adjust stock levels** – Record stock that's been received (positive delta) or sold/used (negative delta).

**How I can help you run the store:**
- Answer questions like *""Do we have enough coffee beans to cover the week?""* (I'll check actual inventory and reason about usage).
- Process deliveries and sales to keep quantities accurate.
- Help you decide what needs restocking.

Go ahead—what would you like to do? 😊",,2026-06-12T20:23:21.947309+00:00
user,Add 10kg of Dark Roast Beans.,,2026-06-12T20:24:15.217331+00:00
agent,Calling get_inventory with {},get_inventory,2026-06-12T20:24:16.605054+00:00
tool,"[{""id"": 1, ""name"": ""Espresso Beans (1kg)"", ""quantity"": 24, ""unit"": ""bag""}, {""id"": 2, ""name"": ""Oat Milk (1L)"", ""quantity"": 20, ""unit"": ""carton""}, {""id"": 3, ""name"": ""Paper Cups 12oz"", ""quantity"": 300, ""unit"": ""unit""}, {""id"": 4, ""name"": ""Cup Lids 12oz"", ""quantity"": 180, ""unit"": ""unit""}, {""id"": 5, ""name"": ""Vanilla Syrup"", ""quantity"": 20, ""unit"": ""bottle""}, {""id"": 6, ""name"": ""Cleaning Tablets"", ""quantity"": 20, ""unit"": ""box""}, {""id"": 7, ""name"": ""Decaf Beans (1kg)"", ""quantity"": 15, ""unit"": ""bag""}, {""id"": 8, ""name"": ""House Blend Beans (1kg)"", ""quantity"": 30, ""unit"": ""bag""}]",get_inventory,2026-06-12T20:24:16.617593+00:00
agent,"Calling add_product with {'name': 'Dark Roast Beans', 'quantity': 10, 'unit': 'kg'}",add_product,2026-06-12T20:24:18.184084+00:00
tool,"{""id"": 9, ""name"": ""Dark Roast Beans"", ""quantity"": 10, ""unit"": ""kg""}",add_product,2026-06-12T20:24:18.197515+00:00
agent,"Done! **Dark Roast Beans** has been added to the inventory:

- **Product:** Dark Roast Beans
- **Quantity:** 10 kg
- **ID:** 9

Anything else you'd like to check or adjust?",,2026-06-12T20:24:19.162432+00:00
user,For the Low Stocks Alert what is the threshold?,,2026-06-12T20:40:03.633980+00:00
agent,Calling get_inventory with {},get_inventory,2026-06-12T20:40:05.114987+00:00
tool,"[{""id"": 1, ""name"": ""Espresso Beans (1kg)"", ""quantity"": 24, ""unit"": ""bag""}, {""id"": 2, ""name"": ""Oat Milk (1L)"", ""quantity"": 20, ""unit"": ""carton""}, {""id"": 3, ""name"": ""Paper Cups 12oz"", ""quantity"": 300, ""unit"": ""unit""}, {""id"": 4, ""name"": ""Cup Lids 12oz"", ""quantity"": 180, ""unit"": ""unit""}, {""id"": 5, ""name"": ""Vanilla Syrup"", ""quantity"": 20, ""unit"": ""bottle""}, {""id"": 6, ""name"": ""Cleaning Tablets"", ""quantity"": 20, ""unit"": ""box""}, {""id"": 7, ""name"": ""Decaf Beans (1kg)"", ""quantity"": 15, ""unit"": ""bag""}, {""id"": 8, ""name"": ""House Blend Beans (1kg)"", ""quantity"": 30, ""unit"": ""bag""}, {""id"": 9, ""name"": ""Dark Roast Beans"", ""quantity"": 15, ""unit"": ""kg""}]",get_inventory,2026-06-12T20:40:05.126836+00:00
agent,Calling get_low_stock with {},get_low_stock,2026-06-12T20:40:05.126993+00:00
tool,"{""threshold"": 10, ""products"": []}",get_low_stock,2026-06-12T20:40:05.135141+00:00
agent,"The **Low Stocks Alert** currently uses a default threshold of **10**. That means any product with a quantity of **less than 10** triggers the alert.

Right now, all products are at 15 or above, so nothing is flagged as low stock. If you'd like to adjust that threshold to a different number, just let me know!",,2026-06-12T20:40:06.673304+00:00
user,multi line draft,,2026-06-12T20:46:50.988523+00:00
agent,Calling get_inventory with {},get_inventory,2026-06-12T20:46:52.273865+00:00
tool,"[{""id"": 1, ""name"": ""Espresso Beans (1kg)"", ""quantity"": 24, ""unit"": ""bag""}, {""id"": 2, ""name"": ""Oat Milk (1L)"", ""quantity"": 20, ""unit"": ""carton""}, {""id"": 3, ""name"": ""Paper Cups 12oz"", ""quantity"": 300, ""unit"": ""unit""}, {""id"": 4, ""name"": ""Cup Lids 12oz"", ""quantity"": 180, ""unit"": ""unit""}, {""id"": 5, ""name"": ""Vanilla Syrup"", ""quantity"": 20, ""unit"": ""bottle""}, {""id"": 6, ""name"": ""Cleaning Tablets"", ""quantity"": 20, ""unit"": ""box""}, {""id"": 7, ""name"": ""Decaf Beans (1kg)"", ""quantity"": 9, ""unit"": ""bag""}, {""id"": 8, ""name"": ""House Blend Beans (1kg)"", ""quantity"": 30, ""unit"": ""bag""}, {""id"": 9, ""name"": ""Dark Roast Beans"", ""quantity"": 15, ""unit"": ""kg""}]",get_inventory,2026-06-12T20:46:52.286663+00:00
agent,Calling get_low_stock with {},get_low_stock,2026-06-12T20:46:53.406970+00:00
tool,"{""threshold"": 10, ""products"": [{""id"": 7, ""name"": ""Decaf Beans (1kg)"", ""quantity"": 9, ""unit"": ""bag""}]}",get_low_stock,2026-06-12T20:46:53.416644+00:00
agent,"Here's a summary of the current inventory:

**Current Stock Overview**

| Product | Qty | Unit |
|---|---|---|
| Espresso Beans (1kg) | 24 | bag |
| Oat Milk (1L) | 20 | carton |
| Paper Cups 12oz | 300 | units |
| Cup Lids 12oz | 180 | units |
| Vanilla Syrup | 20 | bottle |
| Cleaning Tablets | 20 | box |
| Decaf Beans (1kg) | **9** 🔴 | bag |
| House Blend Beans (1kg) | 30 | bag |
| Dark Roast Beans | 15 | kg |

**⚠️ Low Stock Alert:** **Decaf Beans (1kg)** — only **9 bags**, which is below the threshold of 10. This could use a restock soon.

Let me know what you need — any inventory adjustments, adding new products, checking coverage, or doing a restock?",,2026-06-12T20:46:56.025234+00:00
user,"Hello, what is the weather in Dallas Texas today?",,2026-06-12T20:51:55.777713+00:00
agent,"I'm Carla's coffee shop inventory assistant, so I only manage stock-related tasks for the business. I don't have access to weather information or external data like that.

Is there anything I can help you with regarding your inventory for the two coffee shop locations? For example, I can check stock levels, update inventory, or let you know what's low in stock!",,2026-06-12T20:51:57.332786+00:00
user,What is stock right now?,,2026-06-12T20:56:29.937966+00:00
agent,Calling get_inventory with {},get_inventory,2026-06-12T20:56:31.072462+00:00
tool,"[{""id"": 1, ""name"": ""Espresso Beans (1kg)"", ""quantity"": 24, ""unit"": ""bag""}, {""id"": 2, ""name"": ""Oat Milk (1L)"", ""quantity"": 20, ""unit"": ""carton""}, {""id"": 3, ""name"": ""Paper Cups 12oz"", ""quantity"": 300, ""unit"": ""unit""}, {""id"": 4, ""name"": ""Cup Lids 12oz"", ""quantity"": 180, ""unit"": ""unit""}, {""id"": 5, ""name"": ""Vanilla Syrup"", ""quantity"": 20, ""unit"": ""bottle""}, {""id"": 6, ""name"": ""Cleaning Tablets"", ""quantity"": 20, ""unit"": ""box""}, {""id"": 7, ""name"": ""Decaf Beans (1kg)"", ""quantity"": 9, ""unit"": ""bag""}, {""id"": 8, ""name"": ""House Blend Beans (1kg)"", ""quantity"": 30, ""unit"": ""bag""}, {""id"": 9, ""name"": ""Dark Roast Beans"", ""quantity"": 15, ""unit"": ""kg""}]",get_inventory,2026-06-12T20:56:31.085732+00:00
agent,"Here's the current stock:

| Product | Quantity | Unit |
|---|---|---|
| **Espresso Beans (1kg)** | 24 | bag |
| **Oat Milk (1L)** | 20 | carton |
| **Paper Cups 12oz** | 300 | unit |
| **Cup Lids 12oz** | 180 | unit |
| **Vanilla Syrup** | 20 | bottle |
| **Cleaning Tablets** | 20 | box |
| **Decaf Beans (1kg)** | 9 | bag |
| **House Blend Beans (1kg)** | 30 | bag |
| **Dark Roast Beans** | 15 | kg |

One thing I'd flag — **Decaf Beans (1kg)** is at only **9 bags**, which is below the typical low-stock threshold of 10. You might want to consider restocking those soon.",,2026-06-12T20:56:32.932262+00:00
user,can you see the logs?,,2026-06-12T21:04:06.197555+00:00
agent,Calling get_inventory with {},get_inventory,2026-06-12T21:04:08.044996+00:00
tool,"[{""id"": 1, ""name"": ""Espresso Beans (1kg)"", ""quantity"": 24, ""unit"": ""bag""}, {""id"": 2, ""name"": ""Oat Milk (1L)"", ""quantity"": 20, ""unit"": ""carton""}, {""id"": 3, ""name"": ""Paper Cups 12oz"", ""quantity"": 300, ""unit"": ""unit""}, {""id"": 4, ""name"": ""Cup Lids 12oz"", ""quantity"": 180, ""unit"": ""unit""}, {""id"": 5, ""name"": ""Vanilla Syrup"", ""quantity"": 20, ""unit"": ""bottle""}, {""id"": 6, ""name"": ""Cleaning Tablets"", ""quantity"": 20, ""unit"": ""box""}, {""id"": 7, ""name"": ""Decaf Beans (1kg)"", ""quantity"": 9, ""unit"": ""bag""}, {""id"": 8, ""name"": ""House Blend Beans (1kg)"", ""quantity"": 30, ""unit"": ""bag""}, {""id"": 9, ""name"": ""Dark Roast Beans"", ""quantity"": 15, ""unit"": ""kg""}]",get_inventory,2026-06-12T21:04:08.056185+00:00
agent,"Here's the current inventory overview. I'd be happy to help you with stock management — for example, I can:

- Check which items are low in stock
- Adjust stock levels (new deliveries or sales)
- Add new products to the inventory

What would you like to do?",,2026-06-12T21:04:09.693300+00:00
user,What do i need to know today?,,2026-06-12T21:09:26.365694+00:00
agent,Calling get_inventory with {},get_inventory,2026-06-12T21:09:27.953132+00:00
tool,"[{""id"": 1, ""name"": ""Espresso Beans (1kg)"", ""quantity"": 24, ""unit"": ""bag""}, {""id"": 2, ""name"": ""Oat Milk (1L)"", ""quantity"": 20, ""unit"": ""carton""}, {""id"": 3, ""name"": ""Paper Cups 12oz"", ""quantity"": 300, ""unit"": ""unit""}, {""id"": 4, ""name"": ""Cup Lids 12oz"", ""quantity"": 180, ""unit"": ""unit""}, {""id"": 5, ""name"": ""Vanilla Syrup"", ""quantity"": 20, ""unit"": ""bottle""}, {""id"": 6, ""name"": ""Cleaning Tablets"", ""quantity"": 20, ""unit"": ""box""}, {""id"": 7, ""name"": ""Decaf Beans (1kg)"", ""quantity"": 9, ""unit"": ""bag""}, {""id"": 8, ""name"": ""House Blend Beans (1kg)"", ""quantity"": 30, ""unit"": ""bag""}, {""id"": 9, ""name"": ""Dark Roast Beans"", ""quantity"": 15, ""unit"": ""kg""}, {""id"": 10, ""name"": ""Napkins (test)"", ""quantity"": 50, ""unit"": ""pack""}]",get_inventory,2026-06-12T21:09:27.966732+00:00
agent,Calling get_low_stock with {},get_low_stock,2026-06-12T21:09:27.966977+00:00
tool,"{""threshold"": 10, ""products"": [{""id"": 7, ""name"": ""Decaf Beans (1kg)"", ""quantity"": 9, ""unit"": ""bag""}]}",get_low_stock,2026-06-12T21:09:27.977485+00:00
agent,"Here's a quick snapshot of where we stand today:

### 📋 Current Stock Overview

| Product | Qty | Notes |
|---|---|---|
| **Espresso Beans (1kg)** | 24 bags | ✅ Good |
| **Oat Milk (1L)** | 20 cartons | ✅ Good |
| **Paper Cups 12oz** | 300 units | ✅ Good |
| **Cup Lids 12oz** | 180 units | ✅ Good |
| **Vanilla Syrup** | 20 bottles | ✅ Good |
| **Cleaning Tablets** | 20 boxes | ✅ Good |
| **Decaf Beans (1kg)** | **9 bags** | ⚠️ **LOW STOCK** |
| **House Blend Beans (1kg)** | 30 bags | ✅ Good |
| **Dark Roast Beans** | 15 kg | ✅ Good |
| **Napkins** | 50 packs | ✅ Good |

### ⚠️ Needs Your Attention
- **Decaf Beans (1kg)** — only **9 bags** in stock, which is below the low-stock threshold. You may want to reorder soon to keep both locations covered.

Anything you'd like me to look into further — like adjusting stock for a delivery, checking usage, or placing an order?",,2026-06-12T21:09:31.203841+00:00
user,"test
line",,2026-06-12T21:38:35.451017+00:00
agent,Calling get_inventory with {},get_inventory,2026-06-12T21:38:36.700558+00:00
tool,"[{""id"": 1, ""name"": ""Espresso Beans (1kg)"", ""quantity"": 24, ""unit"": ""bag""}, {""id"": 2, ""name"": ""Oat Milk (1L)"", ""quantity"": 20, ""unit"": ""carton""}, {""id"": 3, ""name"": ""Paper Cups 12oz"", ""quantity"": 300, ""unit"": ""unit""}, {""id"": 4, ""name"": ""Cup Lids 12oz"", ""quantity"": 180, ""unit"": ""unit""}, {""id"": 5, ""name"": ""Vanilla Syrup"", ""quantity"": 20, ""unit"": ""bottle""}, {""id"": 6, ""name"": ""Cleaning Tablets"", ""quantity"": 20, ""unit"": ""box""}, {""id"": 7, ""name"": ""Decaf Beans (1kg)"", ""quantity"": 9, ""unit"": ""bag""}, {""id"": 8, ""name"": ""House Blend Beans (1kg)"", ""quantity"": 30, ""unit"": ""bag""}, {""id"": 9, ""name"": ""Dark Roast Beans"", ""quantity"": 15, ""unit"": ""kg""}, {""id"": 10, ""name"": ""Napkins (test)"", ""quantity"": 50, ""unit"": ""pack""}]",get_inventory,2026-06-12T21:38:36.717044+00:00
agent,"Here's the current inventory for Carla's Coffee Shop Supply Store:

| Product | Quantity | Unit |
|---|---|---|
| Espresso Beans (1kg) | 24 | bag |
| Oat Milk (1L) | 20 | carton |
| Paper Cups 12oz | 300 | unit |
| Cup Lids 12oz | 180 | unit |
| Vanilla Syrup | 20 | bottle |
| Cleaning Tablets | 20 | box |
| Decaf Beans (1kg) | 9 | bag |
| House Blend Beans (1kg) | 30 | bag |
| Dark Roast Beans | 15 | kg |
| Napkins (test) | 50 | pack |

I also took a quick look at low stock items — **Decaf Beans (1kg)** is down to **9 bags**, which is below the default threshold of 10.

What would you like to do? Check stock, record a delivery, or log some sales/usage?",,2026-06-12T21:38:39.664120+00:00
user,What needs restocking before the weekend?,,2026-06-12T21:43:51.805269+00:00
agent,Calling get_low_stock with {},get_low_stock,2026-06-12T21:43:53.249007+00:00
tool,"{""threshold"": 10, ""products"": [{""id"": 7, ""name"": ""Decaf Beans (1kg)"", ""quantity"": 9, ""unit"": ""bag""}]}",get_low_stock,2026-06-12T21:43:53.262063+00:00
agent,Calling get_inventory with {},get_inventory,2026-06-12T21:43:54.655369+00:00
tool,"[{""id"": 1, ""name"": ""Espresso Beans (1kg)"", ""quantity"": 24, ""unit"": ""bag""}, {""id"": 2, ""name"": ""Oat Milk (1L)"", ""quantity"": 20, ""unit"": ""carton""}, {""id"": 3, ""name"": ""Paper Cups 12oz"", ""quantity"": 300, ""unit"": ""unit""}, {""id"": 4, ""name"": ""Cup Lids 12oz"", ""quantity"": 180, ""unit"": ""unit""}, {""id"": 5, ""name"": ""Vanilla Syrup"", ""quantity"": 20, ""unit"": ""bottle""}, {""id"": 6, ""name"": ""Cleaning Tablets"", ""quantity"": 20, ""unit"": ""box""}, {""id"": 7, ""name"": ""Decaf Beans (1kg)"", ""quantity"": 9, ""unit"": ""bag""}, {""id"": 8, ""name"": ""House Blend Beans (1kg)"", ""quantity"": 30, ""unit"": ""bag""}, {""id"": 9, ""name"": ""Dark Roast Beans"", ""quantity"": 15, ""unit"": ""kg""}, {""id"": 10, ""name"": ""Napkins (test)"", ""quantity"": 50, ""unit"": ""pack""}]",get_inventory,2026-06-12T21:43:54.665262+00:00
agent,"Here's what's looking urgent for restocking before the weekend:

**Low-stock alert (below 10):**
- **Decaf Beans (1kg)** — only **9 bags** left. That's the one item flagged.

**Other items worth keeping an eye on:**
- **Dark Roast Beans** — 15 kg, decent but not a huge buffer if there's a busy weekend.
- **Cup Lids 12oz** — 180 units. If you go through cups quickly (you have 300 cups), you could run out of lids before cups. Might be worth checking weekend usage.

The main item that needs restocking before the weekend is **Decaf Beans (1kg)**. Want me to process a stock arrival for those?",,2026-06-12T21:43:57.486578+00:00
user,We received 12 bags of espresso beans.,,2026-06-12T21:46:01.879246+00:00
agent,Calling get_inventory with {},get_inventory,2026-06-12T21:46:03.078104+00:00
tool,"[{""id"": 1, ""name"": ""Espresso Beans (1kg)"", ""quantity"": 24, ""unit"": ""bag""}, {""id"": 2, ""name"": ""Oat Milk (1L)"", ""quantity"": 20, ""unit"": ""carton""}, {""id"": 3, ""name"": ""Paper Cups 12oz"", ""quantity"": 300, ""unit"": ""unit""}, {""id"": 4, ""name"": ""Cup Lids 12oz"", ""quantity"": 180, ""unit"": ""unit""}, {""id"": 5, ""name"": ""Vanilla Syrup"", ""quantity"": 20, ""unit"": ""bottle""}, {""id"": 6, ""name"": ""Cleaning Tablets"", ""quantity"": 20, ""unit"": ""box""}, {""id"": 7, ""name"": ""Decaf Beans (1kg)"", ""quantity"": 9, ""unit"": ""bag""}, {""id"": 8, ""name"": ""House Blend Beans (1kg)"", ""quantity"": 30, ""unit"": ""bag""}, {""id"": 9, ""name"": ""Dark Roast Beans"", ""quantity"": 15, ""unit"": ""kg""}, {""id"": 10, ""name"": ""Napkins (test)"", ""quantity"": 50, ""unit"": ""pack""}]",get_inventory,2026-06-12T21:46:03.091713+00:00
agent,"Calling adjust_stock with {'product_id': 1, 'delta': 12}",adjust_stock,2026-06-12T21:46:04.890408+00:00
tool,"{""id"": 1, ""name"": ""Espresso Beans (1kg)"", ""quantity"": 36, ""unit"": ""bag""}",adjust_stock,2026-06-12T21:46:04.900829+00:00
agent,All set! Updated **Espresso Beans (1kg)** from **24 bags** to **36 bags**.,,2026-06-12T21:46:06.239264+00:00
user,Remove beans,,2026-06-12T21:58:18.889349+00:00
agent,"I assume you mean the **Espresso Beans (1kg)**. Let me verify and adjust — you want to remove them entirely or reduce stock? Could you clarify? 

If ""remove"" means set to zero, I'd use a negative delta. But if you mean delete the product from the system, I don't have a delete tool available.

Let me check the product details first.

Actually, looking at my tools, I don't have a delete/remove product function. I can only adjust stock quantities. What exactly do you mean by ""remove beans""? Do you want me to reduce the stock to zero, or did you have a specific quantity in mind?",,2026-06-12T21:58:21.198675+00:00
user,The Beans that has 0,,2026-06-12T21:58:49.896288+00:00
agent,"I see — there are no products with a quantity of 0 in the inventory. Let me look again at the inventory:

From the current list:
- **Espresso Beans (1kg)** — 36 bags
- **Decaf Beans (1kg)** — 9 bags
- **House Blend Beans (1kg)** — 30 bags
- **Dark Roast Beans** — 15 kg

None of them are at 0. Could you clarify which ""beans"" product you're referring to? Or perhaps you're thinking of a product that's not currently in the system?",,2026-06-12T21:58:51.706147+00:00
user,Add new product beans 2 with 0 quantity and 0 units.,,2026-06-12T22:04:15.674606+00:00
agent,Calling get_inventory with {},get_inventory,2026-06-12T22:04:17.025565+00:00
tool,"[{""id"": 1, ""name"": ""Espresso Beans (1kg)"", ""quantity"": 36, ""unit"": ""bag""}, {""id"": 2, ""name"": ""Oat Milk (1L)"", ""quantity"": 20, ""unit"": ""carton""}, {""id"": 3, ""name"": ""Paper Cups 12oz"", ""quantity"": 300, ""unit"": ""unit""}, {""id"": 4, ""name"": ""Cup Lids 12oz"", ""quantity"": 180, ""unit"": ""unit""}, {""id"": 5, ""name"": ""Vanilla Syrup"", ""quantity"": 20, ""unit"": ""bottle""}, {""id"": 6, ""name"": ""Cleaning Tablets"", ""quantity"": 20, ""unit"": ""box""}, {""id"": 7, ""name"": ""Decaf Beans (1kg)"", ""quantity"": 9, ""unit"": ""bag""}, {""id"": 8, ""name"": ""House Blend Beans (1kg)"", ""quantity"": 30, ""unit"": ""bag""}, {""id"": 9, ""name"": ""Dark Roast Beans"", ""quantity"": 15, ""unit"": ""kg""}, {""id"": 10, ""name"": ""Napkins (test)"", ""quantity"": 50, ""unit"": ""pack""}, {""id"": 11, ""name"": ""Beans"", ""quantity"": 0, ""unit"": ""0""}, {""id"": 12, ""name"": ""beans 1"", ""quantity"": 0, ""unit"": ""0""}]",get_inventory,2026-06-12T22:04:17.037725+00:00
agent,"Calling add_product with {'name': 'beans 2', 'quantity': 0, 'unit': '0'}",add_product,2026-06-12T22:04:18.666023+00:00
tool,"{""id"": 13, ""name"": ""beans 2"", ""quantity"": 0, ""unit"": ""0""}",add_product,2026-06-12T22:04:18.674135+00:00
agent,"Done. Added ""beans 2"" (ID: 13) with quantity 0 and unit ""0"".",,2026-06-12T22:04:19.941102+00:00
user,Add new product beans 3 with 0 quantity and 0 units.,,2026-06-12T22:05:27.250636+00:00
agent,"Calling add_product with {'name': 'beans 3', 'quantity': 0, 'unit': '0'}",add_product,2026-06-12T22:05:29.097124+00:00
tool,"{""id"": 14, ""name"": ""beans 3"", ""quantity"": 0, ""unit"": ""0""}",add_product,2026-06-12T22:05:29.110323+00:00
agent,"Done. **beans 3** has been added to the inventory with the following details:

- **Product ID:** 14
- **Quantity:** 0
- **Unit:** 0

Let me know if you'd like to adjust the stock or update the unit later!",,2026-06-12T22:05:30.751134+00:00
user,Remove Beans product from inventory with quantity of 0.,,2026-06-12T22:22:13.264605+00:00
agent,Calling get_inventory with {},get_inventory,2026-06-12T22:22:14.630957+00:00
tool,"[{""id"": 1, ""name"": ""Espresso Beans (1kg)"", ""quantity"": 36, ""unit"": ""bag""}, {""id"": 2, ""name"": ""Oat Milk (1L)"", ""quantity"": 20, ""unit"": ""carton""}, {""id"": 3, ""name"": ""Paper Cups 12oz"", ""quantity"": 300, ""unit"": ""unit""}, {""id"": 4, ""name"": ""Cup Lids 12oz"", ""quantity"": 180, ""unit"": ""unit""}, {""id"": 5, ""name"": ""Vanilla Syrup"", ""quantity"": 20, ""unit"": ""bottle""}, {""id"": 6, ""name"": ""Cleaning Tablets"", ""quantity"": 20, ""unit"": ""box""}, {""id"": 7, ""name"": ""Decaf Beans (1kg)"", ""quantity"": 9, ""unit"": ""bag""}, {""id"": 8, ""name"": ""House Blend Beans (1kg)"", ""quantity"": 30, ""unit"": ""bag""}, {""id"": 9, ""name"": ""Dark Roast Beans"", ""quantity"": 15, ""unit"": ""kg""}, {""id"": 10, ""name"": ""Napkins (test)"", ""quantity"": 50, ""unit"": ""pack""}, {""id"": 11, ""name"": ""Beans"", ""quantity"": 0, ""unit"": ""0""}]",get_inventory,2026-06-12T22:22:14.643840+00:00
agent,"I can see there's a product called ""Beans"" (ID: 11) with a quantity of 0. Since you want to remove it, I'll need to adjust the stock by 0 (which doesn't make sense) — actually, there's no ""delete product"" tool available in my tools. Let me check.

I don't have a delete/remove product function. I can only add products and adjust stock. Since the quantity is already 0, there's nothing to adjust. Unfortunately, I don't have the ability to delete or remove a product from the inventory with the tools I have available.

Could you let me know if there's another way you'd like to handle this? For example, I could note it as discontinued, or if you have another process for removing products, I'll need different tool access.",,2026-06-12T22:22:17.282105+00:00
user,Remove Beans product from inventory with quantity of 0.,,2026-06-12T22:24:29.366542+00:00
agent,Calling get_inventory with {},get_inventory,2026-06-12T22:24:30.727267+00:00
tool,"[{""id"": 1, ""name"": ""Espresso Beans (1kg)"", ""quantity"": 36, ""unit"": ""bag""}, {""id"": 2, ""name"": ""Oat Milk (1L)"", ""quantity"": 20, ""unit"": ""carton""}, {""id"": 3, ""name"": ""Paper Cups 12oz"", ""quantity"": 300, ""unit"": ""unit""}, {""id"": 4, ""name"": ""Cup Lids 12oz"", ""quantity"": 180, ""unit"": ""unit""}, {""id"": 5, ""name"": ""Vanilla Syrup"", ""quantity"": 20, ""unit"": ""bottle""}, {""id"": 6, ""name"": ""Cleaning Tablets"", ""quantity"": 20, ""unit"": ""box""}, {""id"": 7, ""name"": ""Decaf Beans (1kg)"", ""quantity"": 9, ""unit"": ""bag""}, {""id"": 8, ""name"": ""House Blend Beans (1kg)"", ""quantity"": 30, ""unit"": ""bag""}, {""id"": 9, ""name"": ""Dark Roast Beans"", ""quantity"": 15, ""unit"": ""kg""}, {""id"": 10, ""name"": ""Napkins (test)"", ""quantity"": 50, ""unit"": ""pack""}, {""id"": 11, ""name"": ""Beans"", ""quantity"": 0, ""unit"": ""0""}]",get_inventory,2026-06-12T22:24:30.738728+00:00
agent,"There is a product called ""Beans"" with an ID of 11 and a quantity of 0. However, I don't have a direct ""remove product"" tool available — I only have tools to add products, adjust stock, and check inventory. Let me see if there's another approach.

The tools I have don't include a ""delete product"" or ""remove product"" function. I can only add products and adjust stock. Since the Beans product already has a quantity of 0, there's nothing to reduce. Unfortunately, I can't remove/delete it entirely with the tools available to me.

**To clarify:** The product ""Beans"" (ID: 11) already has a quantity of 0. However, I don't have a tool to delete or remove a product from the inventory system. I can only add products and adjust stock quantities. Would you like me to check if there's another way to handle this, or is there anything else I can help with?",,2026-06-12T22:24:33.490965+00:00
user,Remove Beans product from inventory with quantity of 0.,,2026-06-12T22:28:42.797007+00:00
agent,Calling get_inventory with {},get_inventory,2026-06-12T22:28:44.400830+00:00
tool,"[{""id"": 1, ""name"": ""Espresso Beans (1kg)"", ""quantity"": 36, ""unit"": ""bag""}, {""id"": 2, ""name"": ""Oat Milk (1L)"", ""quantity"": 20, ""unit"": ""carton""}, {""id"": 3, ""name"": ""Paper Cups 12oz"", ""quantity"": 300, ""unit"": ""unit""}, {""id"": 4, ""name"": ""Cup Lids 12oz"", ""quantity"": 180, ""unit"": ""unit""}, {""id"": 5, ""name"": ""Vanilla Syrup"", ""quantity"": 20, ""unit"": ""bottle""}, {""id"": 6, ""name"": ""Cleaning Tablets"", ""quantity"": 20, ""unit"": ""box""}, {""id"": 7, ""name"": ""Decaf Beans (1kg)"", ""quantity"": 9, ""unit"": ""bag""}, {""id"": 8, ""name"": ""House Blend Beans (1kg)"", ""quantity"": 30, ""unit"": ""bag""}, {""id"": 9, ""name"": ""Dark Roast Beans"", ""quantity"": 15, ""unit"": ""kg""}, {""id"": 10, ""name"": ""Napkins (test)"", ""quantity"": 50, ""unit"": ""pack""}, {""id"": 11, ""name"": ""Beans"", ""quantity"": 0, ""unit"": ""0""}]",get_inventory,2026-06-12T22:28:44.405727+00:00
agent,Calling delete_product with {'product_id': 11},delete_product,2026-06-12T22:28:45.612372+00:00
tool,"{""id"": 11, ""name"": ""Beans"", ""quantity"": 0, ""unit"": ""0""}",delete_product,2026-06-12T22:28:45.625417+00:00
agent,"Done! The **""Beans""** product (ID 11) with quantity **0** has been removed from inventory.",,2026-06-12T22:28:46.906943+00:00
user,I want to add 10kg to Dark Roast Beans and add 10 cartons of oat milk.,,2026-06-12T22:48:52.273245+00:00
agent,Calling get_inventory with {},get_inventory,2026-06-12T22:48:53.687425+00:00
tool,"[{""id"": 1, ""name"": ""Espresso Beans (1kg)"", ""quantity"": 36, ""unit"": ""bag""}, {""id"": 2, ""name"": ""Oat Milk (1L)"", ""quantity"": 20, ""unit"": ""carton""}, {""id"": 3, ""name"": ""Paper Cups 12oz"", ""quantity"": 300, ""unit"": ""unit""}, {""id"": 4, ""name"": ""Cup Lids 12oz"", ""quantity"": 180, ""unit"": ""unit""}, {""id"": 5, ""name"": ""Vanilla Syrup"", ""quantity"": 20, ""unit"": ""bottle""}, {""id"": 6, ""name"": ""Cleaning Tablets"", ""quantity"": 20, ""unit"": ""box""}, {""id"": 7, ""name"": ""Decaf Beans (1kg)"", ""quantity"": 9, ""unit"": ""bag""}, {""id"": 8, ""name"": ""House Blend Beans (1kg)"", ""quantity"": 30, ""unit"": ""bag""}, {""id"": 9, ""name"": ""Dark Roast Beans"", ""quantity"": 15, ""unit"": ""kg""}, {""id"": 10, ""name"": ""Napkins (test)"", ""quantity"": 50, ""unit"": ""pack""}]",get_inventory,2026-06-12T22:48:53.695941+00:00
agent,"Calling adjust_stock with {'product_id': 9, 'delta': 10}",adjust_stock,2026-06-12T22:48:55.566105+00:00
tool,"{""id"": 9, ""name"": ""Dark Roast Beans"", ""quantity"": 25, ""unit"": ""kg""}",adjust_stock,2026-06-12T22:48:55.572967+00:00
agent,"Calling adjust_stock with {'product_id': 2, 'delta': 10}",adjust_stock,2026-06-12T22:48:55.573064+00:00
tool,"{""id"": 2, ""name"": ""Oat Milk (1L)"", ""quantity"": 30, ""unit"": ""carton""}",adjust_stock,2026-06-12T22:48:55.578002+00:00
agent,"Done! Here's what changed:

- **Dark Roast Beans**: 15 kg → **25 kg** (+10 kg)
- **Oat Milk (1L)**: 20 cartons → **30 cartons** (+10 cartons)

Both are updated. Anything else you need?",,2026-06-12T22:48:56.914195+00:00
user,Hello,,2026-06-15T18:54:12.549166+00:00
agent,Calling get_inventory with {},get_inventory,2026-06-15T18:54:14.525496+00:00
tool,"[{""id"": 1, ""name"": ""Espresso Beans (1kg)"", ""quantity"": 36, ""unit"": ""bag""}, {""id"": 2, ""name"": ""Oat Milk (1L)"", ""quantity"": 30, ""unit"": ""carton""}, {""id"": 3, ""name"": ""Paper Cups 12oz"", ""quantity"": 300, ""unit"": ""unit""}, {""id"": 4, ""name"": ""Cup Lids 12oz"", ""quantity"": 180, ""unit"": ""unit""}, {""id"": 5, ""name"": ""Vanilla Syrup"", ""quantity"": 20, ""unit"": ""bottle""}, {""id"": 6, ""name"": ""Cleaning Tablets"", ""quantity"": 20, ""unit"": ""box""}, {""id"": 7, ""name"": ""Decaf Beans (1kg)"", ""quantity"": 9, ""unit"": ""bag""}, {""id"": 8, ""name"": ""House Blend Beans (1kg)"", ""quantity"": 30, ""unit"": ""bag""}, {""id"": 9, ""name"": ""Dark Roast Beans"", ""quantity"": 25, ""unit"": ""kg""}, {""id"": 10, ""name"": ""Napkins (test)"", ""quantity"": 50, ""unit"": ""pack""}]",get_inventory,2026-06-15T18:54:14.533340+00:00
agent,"We've got **10 products** in stock across both locations. Here's a quick overview:

| Product | Qty | Unit |
|---|---|---|
| Espresso Beans (1kg) | 36 | bag |
| Oat Milk (1L) | 30 | carton |
| Paper Cups 12oz | 300 | unit |
| Cup Lids 12oz | 180 | unit |
| Vanilla Syrup | 20 | bottle |
| Cleaning Tablets | 20 | box |
| Decaf Beans (1kg) | 9 | bag |
| House Blend Beans (1kg) | 30 | bag |
| Dark Roast Beans | 25 | kg |
| Napkins (test) | 50 | pack |

What can I help you with? Any stock updates, new products, or checking on low stock?",,2026-06-15T18:54:17.062611+00:00
user,Show me the current stock.,,2026-06-15T18:56:21.197129+00:00
agent,Calling get_inventory with {},get_inventory,2026-06-15T18:56:22.360336+00:00
tool,"[{""id"": 1, ""name"": ""Espresso Beans (1kg)"", ""quantity"": 36, ""unit"": ""bag""}, {""id"": 2, ""name"": ""Oat Milk (1L)"", ""quantity"": 30, ""unit"": ""carton""}, {""id"": 3, ""name"": ""Paper Cups 12oz"", ""quantity"": 300, ""unit"": ""unit""}, {""id"": 4, ""name"": ""Cup Lids 12oz"", ""quantity"": 180, ""unit"": ""unit""}, {""id"": 5, ""name"": ""Vanilla Syrup"", ""quantity"": 20, ""unit"": ""bottle""}, {""id"": 6, ""name"": ""Cleaning Tablets"", ""quantity"": 20, ""unit"": ""box""}, {""id"": 7, ""name"": ""Decaf Beans (1kg)"", ""quantity"": 9, ""unit"": ""bag""}, {""id"": 8, ""name"": ""House Blend Beans (1kg)"", ""quantity"": 30, ""unit"": ""bag""}, {""id"": 9, ""name"": ""Dark Roast Beans"", ""quantity"": 25, ""unit"": ""kg""}, {""id"": 10, ""name"": ""Napkins (test)"", ""quantity"": 50, ""unit"": ""pack""}]",get_inventory,2026-06-15T18:56:22.369653+00:00
agent,"Here's the current stock across all products:

| ID | Product | Qty | Unit |
|----|---------|:---:|:----:|
| 1 | Espresso Beans (1kg) | 36 | bag |
| 2 | Oat Milk (1L) | 30 | carton |
| 3 | Paper Cups 12oz | 300 | unit |
| 4 | Cup Lids 12oz | 180 | unit |
| 5 | Vanilla Syrup | 20 | bottle |
| 6 | Cleaning Tablets | 20 | box |
| 7 | Decaf Beans (1kg) | **9** ⚠️ | bag |
| 8 | House Blend Beans (1kg) | 30 | bag |
| 9 | Dark Roast Beans | 25 | kg |
| 10 | Napkins (test) | 50 | pack |

Looks like **Decaf Beans (1kg)** is running low at just 9 bags — that's below the typical low-stock threshold of 10. Everything else looks well-stocked. What would you like to do?",,2026-06-15T18:56:24.953567+00:00
